"","high.watermark","end.period.aum","starting.period.aum","current_rate_of_return","current_pnl","gross_before_fees","management_fee","after_management_fee","new_watermark","performance_fee","net_of_everything"
"1",107.004672795163,105.712476571284,100,0.0700467279516348,7.00467279516348,107.004672795163,0.362258177391536,106.642414617772,TRUE,0.929938046488072,105.712476571284
"2",113.117289658766,111.751277028342,105.712476571284,0.0700467279516348,7.40481308748229,113.117289658766,0.382952090902588,112.734337567864,TRUE,0.983060539521158,111.751277028342
"3",113.117289658766,112.685366889248,111.751277028342,0.0118794394590691,1.32754252993185,113.078819558274,0.393452669026579,112.685366889248,FALSE,0,112.685366889248
"4",114.024005883131,113.495398817965,112.685366889248,0.0118794394590691,1.33863899388381,114.024005883131,0.396741402351664,113.62726448078,TRUE,0.1318656628145,113.495398817965
"5",121.461288975862,119.992454538627,113.495398817965,0.0701868995647443,7.96589015789713,121.461288975862,0.411174203639199,121.050114772223,TRUE,1.05766023359611,119.992454538627
"6",128.414352893857,126.861434878939,119.992454538627,0.0701868995647443,8.42189835522978,128.414352893857,0.434711913006847,127.97964098085,TRUE,1.11820610191121,126.861434878939
"7",128.414352893857,127.57091729152,126.861434878939,0.00910851745488706,1.15551959394683,128.016954472886,0.446037181365693,127.57091729152,FALSE,0,127.57091729152
"8",128.414352893857,128.284367539513,127.57091729152,0.00910851745488706,1.16198192688576,128.732899218406,0.44853167889237,128.284367539513,FALSE,0,128.284367539513
